Test URL (url),Report Suite (rs),Status Code (status),Page Name (pageName),Site Section (ch),Server (server),Hit Type (v1),Timestamp (v2),Pageview ID (v3),Adobe Analytics ID (v5),Google Analytics ID (v6),Page Domain (v14),Page Path (v15),Procore ID (v35),Procore User Type (v36),Event Type (v42),Event Name (v43),Event Label (v44),Event Count (v45),Custom Event Count (event18)
https://stg.procore.com/,procoredev,200,stg.procore.com|US|N/A,N/A,stg.procore.com,Custom Event,2019-07-26T16:20:30.503-07:00,3989899729,27754165577181442523013440291459009880,562536901.1564183227,stg.procore.com,/,testid-1234567890,Customer/Collaborator,test type,test name,test label,+1,1
https://stg.procore.com/,procoredev,200,stg.procore.com|US|N/A,N/A,stg.procore.com,Custom Event,2019-07-26T16:20:36.621-07:00,3989899729,27754165577181442523013440291459009880,562536901.1564183227,stg.procore.com,/,testid-1234567890,Customer/Collaborator,test type,test name,test label,+1,1
https://stg.procore.com/?test=query,procoredev,200,stg.procore.com|US|N/A,N/A,stg.procore.com,Custom Event,2019-07-26T16:20:39.734-07:00,6603732351,27754165577181442523013440291459009880,562536901.1564183227,stg.procore.com,/,testid-1234567890,Customer/Collaborator,test type,test name,test label,+1,1
https://stg.procore.com/?test=query-with-frag,procoredev,200,stg.procore.com|US|N/A,N/A,stg.procore.com,Custom Event,2019-07-26T16:20:42.148-07:00,2462328812,27754165577181442523013440291459009880,562536901.1564183227,stg.procore.com,/,testid-1234567890,Customer/Collaborator,test type,test name,test label,+1,1
https://stg.procore.com/?utm_medium=Social&utm_source=LinkedIn&utm_campaign=BRD&utm_term=Organic&utm_content=Jobsite_Constructions-up-and-coming-tech,procoredev,200,stg.procore.com|US|N/A,N/A,stg.procore.com,Custom Event,2019-07-26T16:20:45.185-07:00,9926898905,27754165577181442523013440291459009880,562536901.1564183227,stg.procore.com,/,testid-1234567890,Customer/Collaborator,test type,test name,test label,+1,1
https://stg.procore.com/about,procoredev,200,stg.procore.com|US|Company|About,Company|About,stg.procore.com,Custom Event,2019-07-26T16:20:47.530-07:00,4217438245,27754165577181442523013440291459009880,562536901.1564183227,stg.procore.com,/about,testid-1234567890,Customer/Collaborator,test type,test name,test label,+1,1
https://stg.procore.com/blueprint,procoredev,200,stg.procore.com|US|Resource|Blueprint,Resource|Blueprint,stg.procore.com,Custom Event,2019-07-26T16:20:50.500-07:00,2779169863,27754165577181442523013440291459009880,562536901.1564183227,stg.procore.com,/blueprint,testid-1234567890,Customer/Collaborator,test type,test name,test label,+1,1
https://stg.procore.com/buildersclub,procoredev,200,stg.procore.com|US|Resource|Builders Club,Resource|Builders Club,stg.procore.com,Custom Event,2019-07-26T16:20:53.262-07:00,5039759027,27754165577181442523013440291459009880,562536901.1564183227,stg.procore.com,/buildersclub,testid-1234567890,Customer/Collaborator,test type,test name,test label,+1,1
https://stg.procore.com/certification,procoredev,200,stg.procore.com|US|Resource|Certification,Resource|Certification,stg.procore.com,Custom Event,2019-07-26T16:20:55.643-07:00,9328256568,27754165577181442523013440291459009880,562536901.1564183227,stg.procore.com,/certification,testid-1234567890,Customer/Collaborator,test type,test name,test label,+1,1
https://stg.procore.com/construction-financials,procoredev,200,stg.procore.com|US|Product|Construction Financials|Overview,Product|Construction Financials|Overview,stg.procore.com,Custom Event,2019-07-26T16:20:57.152-07:00,5351693253,27754165577181442523013440291459009880,562536901.1564183227,stg.procore.com,/construction-financials,testid-1234567890,Customer/Collaborator,test type,test name,test label,+1,1
https://stg.procore.com/construction-financials/accounting-integrations,procoredev,200,stg.procore.com|US|Product|Construction Financials|Accounting Integrations,Product|Construction Financials|Accounting Integrations,stg.procore.com,Custom Event,2019-07-26T16:20:59.807-07:00,5423269819,27754165577181442523013440291459009880,562536901.1564183227,stg.procore.com,/construction-financials/accounting-integrations,testid-1234567890,Customer/Collaborator,test type,test name,test label,+1,1
https://stg.procore.com/continuing-education,procoredev,200,stg.procore.com|US|Resource|Continuing Education,Resource|Continuing Education,stg.procore.com,Custom Event,2019-07-26T16:21:01.420-07:00,6057788136,27754165577181442523013440291459009880,562536901.1564183227,stg.procore.com,/continuing-education,testid-1234567890,Customer/Collaborator,test type,test name,test label,+1,1
https://stg.procore.com/demo,procoredev,200,stg.procore.com|US|Marketing|Demo,Marketing|Demo,stg.procore.com,Custom Event,2019-07-26T16:21:08.617-07:00,8056353424,27754165577181442523013440291459009880,562536901.1564183227,stg.procore.com,/demo,testid-1234567890,Customer/Collaborator,test type,test name,test label,+1,1
https://stg.procore.com/en-au,procoredev,200,stg.procore.com|AU|Home|En Au,Home|En Au,stg.procore.com,Custom Event,2019-07-26T16:21:11.239-07:00,7469008207,27754165577181442523013440291459009880,562536901.1564183227,stg.procore.com,/en-au,testid-1234567890,Customer/Collaborator,test type,test name,test label,+1,1
https://stg.procore.com/en-au/about,procoredev,200,stg.procore.com|AU|Company|About,Company|About,stg.procore.com,Custom Event,2019-07-26T16:21:13.613-07:00,8157500709,27754165577181442523013440291459009880,562536901.1564183227,stg.procore.com,/en-au/about,testid-1234567890,Customer/Collaborator,test type,test name,test label,+1,1
https://stg.procore.com/en-au/blueprint,procoredev,200,stg.procore.com|AU|Resource|Blueprint,Resource|Blueprint,stg.procore.com,Custom Event,2019-07-26T16:21:18.52-07:00,1751676599,27754165577181442523013440291459009880,562536901.1564183227,stg.procore.com,/en-au/blueprint,testid-1234567890,Customer/Collaborator,test type,test name,test label,+1,1
https://stg.procore.com/en-au/buildersclub,procoredev,200,stg.procore.com|AU|Resource|Builders Club,Resource|Builders Club,stg.procore.com,Custom Event,2019-07-26T16:21:20.982-07:00,2197520630,27754165577181442523013440291459009880,562536901.1564183227,stg.procore.com,/en-au/buildersclub,testid-1234567890,Customer/Collaborator,test type,test name,test label,+1,1
https://stg.procore.com/en-au/certification,procoredev,200,stg.procore.com|AU|Resource|Certification,Resource|Certification,stg.procore.com,Custom Event,2019-07-26T16:21:24.270-07:00,2400024350,27754165577181442523013440291459009880,562536901.1564183227,stg.procore.com,/en-au/certification,testid-1234567890,Customer/Collaborator,test type,test name,test label,+1,1
https://stg.procore.com/en-au/construction-financials,procoredev,200,stg.procore.com|AU|Product|Construction Financials|Overview,Product|Construction Financials|Overview,stg.procore.com,Custom Event,2019-07-26T16:21:26.540-07:00,2481591557,27754165577181442523013440291459009880,562536901.1564183227,stg.procore.com,/en-au/construction-financials,testid-1234567890,Customer/Collaborator,test type,test name,test label,+1,1
https://stg.procore.com/en-au/construction-financials/accounting-integrations,procoredev,200,stg.procore.com|AU|Product|Construction Financials|Accounting Integrations,Product|Construction Financials|Accounting Integrations,stg.procore.com,Custom Event,2019-07-26T16:21:29.76-07:00,2755725253,27754165577181442523013440291459009880,562536901.1564183227,stg.procore.com,/en-au/construction-financials/accounting-integrations,testid-1234567890,Customer/Collaborator,test type,test name,test label,+1,1
https://stg.procore.com/en-au/continuing-education,procoredev,200,stg.procore.com|AU|Resource|Continuing Education,Resource|Continuing Education,stg.procore.com,Custom Event,2019-07-26T16:21:30.932-07:00,9220902848,27754165577181442523013440291459009880,562536901.1564183227,stg.procore.com,/en-au/continuing-education,testid-1234567890,Customer/Collaborator,test type,test name,test label,+1,1
https://stg.procore.com/en-au/demo,procoredev,200,stg.procore.com|AU|Marketing|Demo,Marketing|Demo,stg.procore.com,Custom Event,2019-07-26T16:21:33.355-07:00,5905060655,27754165577181442523013440291459009880,562536901.1564183227,stg.procore.com,/en-au/demo,testid-1234567890,Customer/Collaborator,test type,test name,test label,+1,1
https://stg.procore.com/en-au/engineering,procoredev,200,stg.procore.com|AU|Company|Engineering,Company|Engineering,stg.procore.com,Custom Event,2019-07-26T16:21:35.961-07:00,6306121548,27754165577181442523013440291459009880,562536901.1564183227,stg.procore.com,/en-au/engineering,testid-1234567890,Customer/Collaborator,test type,test name,test label,+1,1
https://stg.procore.com/en-au/events,procoredev,200,stg.procore.com|AU|Event|Industry Events,Event|Industry Events,stg.procore.com,Custom Event,2019-07-26T16:21:37.932-07:00,7367928437,27754165577181442523013440291459009880,562536901.1564183227,stg.procore.com,/en-au/events,testid-1234567890,Customer/Collaborator,test type,test name,test label,+1,1
https://stg.procore.com/en-au/field-productivity,procoredev,200,stg.procore.com|AU|Product|Field Productivity|Overview,Product|Field Productivity|Overview,stg.procore.com,Custom Event,2019-07-26T16:21:40.425-07:00,9622148286,27754165577181442523013440291459009880,562536901.1564183227,stg.procore.com,/en-au/field-productivity,testid-1234567890,Customer/Collaborator,test type,test name,test label,+1,1
https://stg.procore.com/en-au/field-productivity/crews,procoredev,200,stg.procore.com|AU|Product|Field Productivity|Crews,Product|Field Productivity|Crews,stg.procore.com,Custom Event,2019-07-26T16:21:43.893-07:00,2612435989,27754165577181442523013440291459009880,562536901.1564183227,stg.procore.com,/en-au/field-productivity/crews,testid-1234567890,Customer/Collaborator,test type,test name,test label,+1,1
https://stg.procore.com/en-au/innovation-lab,procoredev,200,stg.procore.com|AU|Event|Innovation Lab,Event|Innovation Lab,stg.procore.com,Custom Event,2019-07-26T16:21:46.297-07:00,9953567917,27754165577181442523013440291459009880,562536901.1564183227,stg.procore.com,/en-au/innovation-lab,testid-1234567890,Customer/Collaborator,test type,test name,test label,+1,1
https://stg.procore.com/en-au/jobs,procoredev,200,stg.procore.com|AU|Company|Jobs,Company|Jobs,stg.procore.com,Custom Event,2019-07-26T16:21:49.266-07:00,5667409971,27754165577181442523013440291459009880,562536901.1564183227,stg.procore.com,/en-au/jobs,testid-1234567890,Customer/Collaborator,test type,test name,test label,+1,1
https://stg.procore.com/en-au/jobs/benefits,procoredev,200,stg.procore.com|AU|Company|Jobs|Benefits,Company|Jobs|Benefits,stg.procore.com,Custom Event,2019-07-26T16:21:51.702-07:00,3738220141,27754165577181442523013440291459009880,562536901.1564183227,stg.procore.com,/en-au/jobs/benefits,testid-1234567890,Customer/Collaborator,test type,test name,test label,+1,1
https://stg.procore.com/en-au/jobs/openings,procoredev,200,stg.procore.com|AU|Company|Jobs|Openings,Company|Jobs|Openings,stg.procore.com,Custom Event,2019-07-26T16:21:54.396-07:00,8387431708,27754165577181442523013440291459009880,562536901.1564183227,stg.procore.com,/en-au/jobs/openings,testid-1234567890,Customer/Collaborator,test type,test name,test label,+1,1
https://stg.procore.com/en-au/jobs/openings/1056317,procoredev,200,stg.procore.com|US|Company|Jobs|Openings|1056317,Company|Jobs|Openings|1056317,stg.procore.com,Custom Event,2019-07-26T16:21:57.827-07:00,5384056693,27754165577181442523013440291459009880,562536901.1564183227,stg.procore.com,/en-au/jobs/openings/1056317,testid-1234567890,Customer/Collaborator,test type,test name,test label,+1,1
https://stg.procore.com/en-au/jobs/sales,procoredev,200,stg.procore.com|AU|Company|Jobs|Sales,Company|Jobs|Sales,stg.procore.com,Custom Event,2019-07-26T16:22:00.424-07:00,8027311061,27754165577181442523013440291459009880,562536901.1564183227,stg.procore.com,/en-au/jobs/sales,testid-1234567890,Customer/Collaborator,test type,test name,test label,+1,1
https://stg.procore.com/en-au/legal,procoredev,200,stg.procore.com|AU|Company|Legal|Overview,Company|Legal|Overview,stg.procore.com,Custom Event,2019-07-26T16:22:02.615-07:00,1846451664,27754165577181442523013440291459009880,562536901.1564183227,stg.procore.com,/en-au/legal,testid-1234567890,Customer/Collaborator,test type,test name,test label,+1,1
https://stg.procore.com/en-au/legal/api-terms-and-conditions,procoredev,200,stg.procore.com|AU|Company|Legal|Api Terms And Conditions,Company|Legal|Api Terms And Conditions,stg.procore.com,Custom Event,2019-07-26T16:22:05.309-07:00,4967355625,27754165577181442523013440291459009880,562536901.1564183227,stg.procore.com,/en-au/legal/api-terms-and-conditions,testid-1234567890,Customer/Collaborator,test type,test name,test label,+1,1
https://stg.procore.com/en-au/partners,procoredev,200,stg.procore.com|AU|Resource|Partners,Resource|Partners,stg.procore.com,Custom Event,2019-07-26T16:22:08.633-07:00,1487273362,27754165577181442523013440291459009880,562536901.1564183227,stg.procore.com,/en-au/partners,testid-1234567890,Customer/Collaborator,test type,test name,test label,+1,1
https://stg.procore.com/en-au/platform,procoredev,200,stg.procore.com|AU|Product|Platform|Overview,Product|Platform|Overview,stg.procore.com,Custom Event,2019-07-26T16:22:10.779-07:00,9903243194,27754165577181442523013440291459009880,562536901.1564183227,stg.procore.com,/en-au/platform,testid-1234567890,Customer/Collaborator,test type,test name,test label,+1,1
https://stg.procore.com/en-au/press,procoredev,200,stg.procore.com|AU|Company|Press|Overview,Company|Press|Overview,stg.procore.com,Custom Event,2019-07-26T16:22:12.431-07:00,9001487481,27754165577181442523013440291459009880,562536901.1564183227,stg.procore.com,/en-au/press,testid-1234567890,Customer/Collaborator,test type,test name,test label,+1,1
https://stg.procore.com/en-au/press/habitat-for-humanity-and-procore-partner-for-a-brush-with-kindness,procoredev,200,stg.procore.com|AU|Company|Press|Habitat For Humanity And Procore Partner For A Brush With Kindness,Company|Press|Habitat For Humanity And Procore Partner For A Brush With Kindness,stg.procore.com,Custom Event,2019-07-26T16:22:15.11-07:00,2867936165,27754165577181442523013440291459009880,562536901.1564183227,stg.procore.com,/en-au/press/habitat-for-humanity-and-procore-partner-for-a-brush-with-kindness,testid-1234567890,Customer/Collaborator,test type,test name,test label,+1,1
https://stg.procore.com/en-au/press/procore-acquires-bimanywhere,procoredev,200,stg.procore.com|AU|Company|Press|Procore Acquires Bimanywhere,Company|Press|Procore Acquires Bimanywhere,stg.procore.com,Custom Event,2019-07-26T16:22:17.710-07:00,5734364835,27754165577181442523013440291459009880,562536901.1564183227,stg.procore.com,/en-au/press/procore-acquires-bimanywhere,testid-1234567890,Customer/Collaborator,test type,test name,test label,+1,1
https://stg.procore.com/en-au/project-management,procoredev,200,stg.procore.com|AU|Product|Project Management|Overview,Product|Project Management|Overview,stg.procore.com,Custom Event,2019-07-26T16:22:22.272-07:00,2543024674,27754165577181442523013440291459009880,562536901.1564183227,stg.procore.com,/en-au/project-management,testid-1234567890,Customer/Collaborator,test type,test name,test label,+1,1
https://stg.procore.com/en-au/project-management/bidding,procoredev,200,stg.procore.com|AU|Product|Project Management|Bidding,Product|Project Management|Bidding,stg.procore.com,Custom Event,2019-07-26T16:22:24.743-07:00,3982897764,27754165577181442523013440291459009880,562536901.1564183227,stg.procore.com,/en-au/project-management/bidding,testid-1234567890,Customer/Collaborator,test type,test name,test label,+1,1
https://stg.procore.com/en-au/projects,procoredev,200,stg.procore.com|AU|Resource|Projects,Resource|Projects,stg.procore.com,Custom Event,2019-07-26T16:22:27.719-07:00,5151711738,27754165577181442523013440291459009880,562536901.1564183227,stg.procore.com,/en-au/projects,testid-1234567890,Customer/Collaborator,test type,test name,test label,+1,1
https://stg.procore.com/en-au/quality-safety,procoredev,200,stg.procore.com|AU|Product|Quality Safety|Overview,Product|Quality Safety|Overview,stg.procore.com,Custom Event,2019-07-26T16:22:30.598-07:00,5922246739,27754165577181442523013440291459009880,562536901.1564183227,stg.procore.com,/en-au/quality-safety,testid-1234567890,Customer/Collaborator,test type,test name,test label,+1,1
https://stg.procore.com/en-au/quality-safety/daily-log,procoredev,200,stg.procore.com|AU|Product|Quality Safety|Daily Log,Product|Quality Safety|Daily Log,stg.procore.com,Custom Event,2019-07-26T16:22:32.292-07:00,9088134038,27754165577181442523013440291459009880,562536901.1564183227,stg.procore.com,/en-au/quality-safety/daily-log,testid-1234567890,Customer/Collaborator,test type,test name,test label,+1,1
https://stg.procore.com/en-au/safety-qualified,procoredev,200,stg.procore.com|AU|Resource|Safety Qualified,Resource|Safety Qualified,stg.procore.com,Custom Event,2019-07-26T16:22:34.804-07:00,9291847491,27754165577181442523013440291459009880,562536901.1564183227,stg.procore.com,/en-au/safety-qualified,testid-1234567890,Customer/Collaborator,test type,test name,test label,+1,1
https://stg.procore.com/en-au/subcontractors,procoredev,200,stg.procore.com|AU|Solution|Subcontractors,Solution|Subcontractors,stg.procore.com,Custom Event,2019-07-26T16:22:37.996-07:00,2592750982,27754165577181442523013440291459009880,562536901.1564183227,stg.procore.com,/en-au/subcontractors,testid-1234567890,Customer/Collaborator,test type,test name,test label,+1,1
https://stg.procore.com/en-au/subs-demo,procoredev,200,stg.procore.com|AU|Marketing|Subs Demo,Marketing|Subs Demo,stg.procore.com,Custom Event,2019-07-26T16:22:45.598-07:00,8121308868,27754165577181442523013440291459009880,562536901.1564183227,stg.procore.com,/en-au/subs-demo,testid-1234567890,Customer/Collaborator,test type,test name,test label,+1,1
https://stg.procore.com/en-au/webinars,procoredev,200,stg.procore.com|AU|Resource|Webinars|Overview,Resource|Webinars|Overview,stg.procore.com,Custom Event,2019-07-26T16:22:47.656-07:00,5760271303,27754165577181442523013440291459009880,562536901.1564183227,stg.procore.com,/en-au/webinars,testid-1234567890,Customer/Collaborator,test type,test name,test label,+1,1
https://stg.procore.com/en-au/workshops,procoredev,200,stg.procore.com|AU|Event|Workshops,Event|Workshops,stg.procore.com,Custom Event,2019-07-26T16:22:56.44-07:00,7477256236,27754165577181442523013440291459009880,562536901.1564183227,stg.procore.com,/en-au/workshops,testid-1234567890,Customer/Collaborator,test type,test name,test label,+1,1
https://stg.procore.com/en-ca,procoredev,200,stg.procore.com|CA|Home|En Ca,Home|En Ca,stg.procore.com,Custom Event,2019-07-26T16:22:58.381-07:00,6399352436,27754165577181442523013440291459009880,562536901.1564183227,stg.procore.com,/en-ca,testid-1234567890,Customer/Collaborator,test type,test name,test label,+1,1
https://stg.procore.com/en-ca/about,procoredev,200,stg.procore.com|CA|Company|About,Company|About,stg.procore.com,Custom Event,2019-07-26T16:23:00.223-07:00,4449419134,27754165577181442523013440291459009880,562536901.1564183227,stg.procore.com,/en-ca/about,testid-1234567890,Customer/Collaborator,test type,test name,test label,+1,1
https://stg.procore.com/en-ca/blueprint,procoredev,200,stg.procore.com|CA|Resource|Blueprint,Resource|Blueprint,stg.procore.com,Custom Event,2019-07-26T16:23:02.325-07:00,3185875696,27754165577181442523013440291459009880,562536901.1564183227,stg.procore.com,/en-ca/blueprint,testid-1234567890,Customer/Collaborator,test type,test name,test label,+1,1
https://stg.procore.com/en-ca/buildersclub,procoredev,200,stg.procore.com|CA|Resource|Builders Club,Resource|Builders Club,stg.procore.com,Custom Event,2019-07-26T16:23:10.689-07:00,3219128027,27754165577181442523013440291459009880,562536901.1564183227,stg.procore.com,/en-ca/buildersclub,testid-1234567890,Customer/Collaborator,test type,test name,test label,+1,1
https://stg.procore.com/en-ca/certification,procoredev,200,stg.procore.com|CA|Resource|Certification,Resource|Certification,stg.procore.com,Custom Event,2019-07-26T16:23:13.127-07:00,9152867458,27754165577181442523013440291459009880,562536901.1564183227,stg.procore.com,/en-ca/certification,testid-1234567890,Customer/Collaborator,test type,test name,test label,+1,1
https://stg.procore.com/en-ca/construction-financials,procoredev,200,stg.procore.com|CA|Product|Construction Financials|Overview,Product|Construction Financials|Overview,stg.procore.com,Custom Event,2019-07-26T16:23:15.473-07:00,4550182682,27754165577181442523013440291459009880,562536901.1564183227,stg.procore.com,/en-ca/construction-financials,testid-1234567890,Customer/Collaborator,test type,test name,test label,+1,1
https://stg.procore.com/en-ca/construction-financials/accounting-integrations,procoredev,200,stg.procore.com|CA|Product|Construction Financials|Accounting Integrations,Product|Construction Financials|Accounting Integrations,stg.procore.com,Custom Event,2019-07-26T16:23:18.466-07:00,3770038160,27754165577181442523013440291459009880,562536901.1564183227,stg.procore.com,/en-ca/construction-financials/accounting-integrations,testid-1234567890,Customer/Collaborator,test type,test name,test label,+1,1
https://stg.procore.com/en-ca/continuing-education,procoredev,200,stg.procore.com|CA|Resource|Continuing Education,Resource|Continuing Education,stg.procore.com,Custom Event,2019-07-26T16:23:20.292-07:00,9119280723,27754165577181442523013440291459009880,562536901.1564183227,stg.procore.com,/en-ca/continuing-education,testid-1234567890,Customer/Collaborator,test type,test name,test label,+1,1
https://stg.procore.com/en-ca/demo,procoredev,200,stg.procore.com|CA|Marketing|Demo,Marketing|Demo,stg.procore.com,Custom Event,2019-07-26T16:23:25.417-07:00,9571435774,27754165577181442523013440291459009880,562536901.1564183227,stg.procore.com,/en-ca/demo,testid-1234567890,Customer/Collaborator,test type,test name,test label,+1,1
https://stg.procore.com/en-ca/engineering,procoredev,200,stg.procore.com|CA|Company|Engineering,Company|Engineering,stg.procore.com,Custom Event,2019-07-26T16:23:28.49-07:00,8697891175,27754165577181442523013440291459009880,562536901.1564183227,stg.procore.com,/en-ca/engineering,testid-1234567890,Customer/Collaborator,test type,test name,test label,+1,1
https://stg.procore.com/en-ca/events,procoredev,200,stg.procore.com|CA|Event|Industry Events,Event|Industry Events,stg.procore.com,Custom Event,2019-07-26T16:23:30.240-07:00,9816879056,27754165577181442523013440291459009880,562536901.1564183227,stg.procore.com,/en-ca/events,testid-1234567890,Customer/Collaborator,test type,test name,test label,+1,1
https://stg.procore.com/en-ca/field-productivity,procoredev,200,stg.procore.com|CA|Product|Field Productivity|Overview,Product|Field Productivity|Overview,stg.procore.com,Custom Event,2019-07-26T16:23:32.793-07:00,1788759841,27754165577181442523013440291459009880,562536901.1564183227,stg.procore.com,/en-ca/field-productivity,testid-1234567890,Customer/Collaborator,test type,test name,test label,+1,1
https://stg.procore.com/en-ca/innovation-lab,procoredev,200,stg.procore.com|CA|Event|Innovation Lab,Event|Innovation Lab,stg.procore.com,Custom Event,2019-07-26T16:23:37.819-07:00,8115309048,27754165577181442523013440291459009880,562536901.1564183227,stg.procore.com,/en-ca/innovation-lab,testid-1234567890,Customer/Collaborator,test type,test name,test label,+1,1
https://stg.procore.com/en-ca/jobs,procoredev,200,stg.procore.com|CA|Company|Jobs,Company|Jobs,stg.procore.com,Custom Event,2019-07-26T16:23:41.395-07:00,3491536007,27754165577181442523013440291459009880,562536901.1564183227,stg.procore.com,/en-ca/jobs,testid-1234567890,Customer/Collaborator,test type,test name,test label,+1,1
https://stg.procore.com/en-ca/jobs/benefits,procoredev,200,stg.procore.com|CA|Company|Jobs|Benefits,Company|Jobs|Benefits,stg.procore.com,Custom Event,2019-07-26T16:23:44.974-07:00,2265869636,27754165577181442523013440291459009880,562536901.1564183227,stg.procore.com,/en-ca/jobs/benefits,testid-1234567890,Customer/Collaborator,test type,test name,test label,+1,1
https://stg.procore.com/en-ca/jobs/openings,procoredev,200,stg.procore.com|CA|Company|Jobs|Openings,Company|Jobs|Openings,stg.procore.com,Custom Event,2019-07-26T16:23:48.75-07:00,4177541900,27754165577181442523013440291459009880,562536901.1564183227,stg.procore.com,/en-ca/jobs/openings,testid-1234567890,Customer/Collaborator,test type,test name,test label,+1,1
https://stg.procore.com/en-ca/jobs/openings/1056317,procoredev,200,stg.procore.com|US|Company|Jobs|Openings|1056317,Company|Jobs|Openings|1056317,stg.procore.com,Custom Event,2019-07-26T16:23:51.86-07:00,8772649578,27754165577181442523013440291459009880,562536901.1564183227,stg.procore.com,/en-ca/jobs/openings/1056317,testid-1234567890,Customer/Collaborator,test type,test name,test label,+1,1
https://stg.procore.com/en-ca/jobs/sales,procoredev,200,stg.procore.com|CA|Company|Jobs|Sales,Company|Jobs|Sales,stg.procore.com,Custom Event,2019-07-26T16:23:54.196-07:00,8715349416,27754165577181442523013440291459009880,562536901.1564183227,stg.procore.com,/en-ca/jobs/sales,testid-1234567890,Customer/Collaborator,test type,test name,test label,+1,1
https://stg.procore.com/en-ca/legal,procoredev,200,stg.procore.com|CA|Company|Legal|Overview,Company|Legal|Overview,stg.procore.com,Custom Event,2019-07-26T16:23:57.388-07:00,5215769805,27754165577181442523013440291459009880,562536901.1564183227,stg.procore.com,/en-ca/legal,testid-1234567890,Customer/Collaborator,test type,test name,test label,+1,1
https://stg.procore.com/en-ca/legal/api-terms-and-conditions,procoredev,200,stg.procore.com|CA|Company|Legal|Api Terms And Conditions,Company|Legal|Api Terms And Conditions,stg.procore.com,Custom Event,2019-07-26T16:24:05.917-07:00,1225578601,27754165577181442523013440291459009880,562536901.1564183227,stg.procore.com,/en-ca/legal/api-terms-and-conditions,testid-1234567890,Customer/Collaborator,test type,test name,test label,+1,1
https://stg.procore.com/en-ca/partners,procoredev,200,stg.procore.com|CA|Resource|Partners,Resource|Partners,stg.procore.com,Custom Event,2019-07-26T16:24:08.905-07:00,9099673023,27754165577181442523013440291459009880,562536901.1564183227,stg.procore.com,/en-ca/partners,testid-1234567890,Customer/Collaborator,test type,test name,test label,+1,1
https://stg.procore.com/en-ca/platform,procoredev,200,stg.procore.com|CA|Product|Platform|Overview,Product|Platform|Overview,stg.procore.com,Custom Event,2019-07-26T16:24:11.118-07:00,7859372002,27754165577181442523013440291459009880,562536901.1564183227,stg.procore.com,/en-ca/platform,testid-1234567890,Customer/Collaborator,test type,test name,test label,+1,1
https://stg.procore.com/en-ca/press,procoredev,200,stg.procore.com|CA|Company|Press|Overview,Company|Press|Overview,stg.procore.com,Custom Event,2019-07-26T16:24:18.928-07:00,4333158351,27754165577181442523013440291459009880,562536901.1564183227,stg.procore.com,/en-ca/press,testid-1234567890,Customer/Collaborator,test type,test name,test label,+1,1
https://stg.procore.com/en-ca/press/habitat-for-humanity-and-procore-partner-for-a-brush-with-kindness,procoredev,200,stg.procore.com|CA|Company|Press|Habitat For Humanity And Procore Partner For A Brush With Kindness,Company|Press|Habitat For Humanity And Procore Partner For A Brush With Kindness,stg.procore.com,Custom Event,2019-07-26T16:24:21.434-07:00,1294433900,27754165577181442523013440291459009880,562536901.1564183227,stg.procore.com,/en-ca/press/habitat-for-humanity-and-procore-partner-for-a-brush-with-kindness,testid-1234567890,Customer/Collaborator,test type,test name,test label,+1,1
https://stg.procore.com/en-ca/press/procore-acquires-bimanywhere,procoredev,200,stg.procore.com|CA|Company|Press|Procore Acquires Bimanywhere,Company|Press|Procore Acquires Bimanywhere,stg.procore.com,Custom Event,2019-07-26T16:24:23.271-07:00,6286202102,27754165577181442523013440291459009880,562536901.1564183227,stg.procore.com,/en-ca/press/procore-acquires-bimanywhere,testid-1234567890,Customer/Collaborator,test type,test name,test label,+1,1
https://stg.procore.com/en-ca/project-management,procoredev,200,stg.procore.com|CA|Product|Project Management|Overview,Product|Project Management|Overview,stg.procore.com,Custom Event,2019-07-26T16:24:26.123-07:00,6239641909,27754165577181442523013440291459009880,562536901.1564183227,stg.procore.com,/en-ca/project-management,testid-1234567890,Customer/Collaborator,test type,test name,test label,+1,1
https://stg.procore.com/en-ca/project-management/bidding,procoredev,200,stg.procore.com|CA|Product|Project Management|Bidding,Product|Project Management|Bidding,stg.procore.com,Custom Event,2019-07-26T16:24:28.286-07:00,7050780916,27754165577181442523013440291459009880,562536901.1564183227,stg.procore.com,/en-ca/project-management/bidding,testid-1234567890,Customer/Collaborator,test type,test name,test label,+1,1
https://stg.procore.com/en-ca/projects,procoredev,200,stg.procore.com|CA|Resource|Projects,Resource|Projects,stg.procore.com,Custom Event,2019-07-26T16:24:30.654-07:00,3199883907,27754165577181442523013440291459009880,562536901.1564183227,stg.procore.com,/en-ca/projects,testid-1234567890,Customer/Collaborator,test type,test name,test label,+1,1
https://stg.procore.com/en-ca/quality-safety,procoredev,200,stg.procore.com|CA|Product|Quality Safety|Overview,Product|Quality Safety|Overview,stg.procore.com,Custom Event,2019-07-26T16:24:38.775-07:00,7216999108,27754165577181442523013440291459009880,562536901.1564183227,stg.procore.com,/en-ca/quality-safety,testid-1234567890,Customer/Collaborator,test type,test name,test label,+1,1
https://stg.procore.com/en-ca/quality-safety/daily-log,procoredev,200,stg.procore.com|CA|Product|Quality Safety|Daily Log,Product|Quality Safety|Daily Log,stg.procore.com,Custom Event,2019-07-26T16:24:46.769-07:00,2860453014,27754165577181442523013440291459009880,562536901.1564183227,stg.procore.com,/en-ca/quality-safety/daily-log,testid-1234567890,Customer/Collaborator,test type,test name,test label,+1,1
https://stg.procore.com/en-ca/roadshow,procoredev,200,stg.procore.com|CA|Event|Roadshow,Event|Roadshow,stg.procore.com,Custom Event,2019-07-26T16:24:49.659-07:00,3082874735,27754165577181442523013440291459009880,562536901.1564183227,stg.procore.com,/en-ca/roadshow,testid-1234567890,Customer/Collaborator,test type,test name,test label,+1,1
https://stg.procore.com/en-ca/safety-qualified,procoredev,200,stg.procore.com|CA|Resource|Safety Qualified,Resource|Safety Qualified,stg.procore.com,Custom Event,2019-07-26T16:24:51.837-07:00,6841598641,27754165577181442523013440291459009880,562536901.1564183227,stg.procore.com,/en-ca/safety-qualified,testid-1234567890,Customer/Collaborator,test type,test name,test label,+1,1
https://stg.procore.com/en-ca/subcontractors,procoredev,200,stg.procore.com|CA|Solution|Subcontractors,Solution|Subcontractors,stg.procore.com,Custom Event,2019-07-26T16:25:00.351-07:00,3495025387,27754165577181442523013440291459009880,562536901.1564183227,stg.procore.com,/en-ca/subcontractors,testid-1234567890,Customer/Collaborator,test type,test name,test label,+1,1
https://stg.procore.com/en-ca/subs-demo,procoredev,200,stg.procore.com|CA|Marketing|Subs Demo,Marketing|Subs Demo,stg.procore.com,Custom Event,2019-07-26T16:25:02.788-07:00,5779627844,27754165577181442523013440291459009880,562536901.1564183227,stg.procore.com,/en-ca/subs-demo,testid-1234567890,Customer/Collaborator,test type,test name,test label,+1,1
https://stg.procore.com/en-ca/webinars,procoredev,200,stg.procore.com|CA|Resource|Webinars|Overview,Resource|Webinars|Overview,stg.procore.com,Custom Event,2019-07-26T16:25:05.620-07:00,1283544812,27754165577181442523013440291459009880,562536901.1564183227,stg.procore.com,/en-ca/webinars,testid-1234567890,Customer/Collaborator,test type,test name,test label,+1,1
https://stg.procore.com/en-ca/workshops,procoredev,200,stg.procore.com|CA|Event|Workshops,Event|Workshops,stg.procore.com,Custom Event,2019-07-26T16:25:07.727-07:00,9447420713,27754165577181442523013440291459009880,562536901.1564183227,stg.procore.com,/en-ca/workshops,testid-1234567890,Customer/Collaborator,test type,test name,test label,+1,1
https://stg.procore.com/en-gb,procoredev,200,stg.procore.com|GB|Home|En Gb,Home|En Gb,stg.procore.com,Custom Event,2019-07-26T16:25:15.966-07:00,1942404012,27754165577181442523013440291459009880,562536901.1564183227,stg.procore.com,/en-gb,testid-1234567890,Customer/Collaborator,test type,test name,test label,+1,1
https://stg.procore.com/en-gb/about,procoredev,200,stg.procore.com|GB|Company|About,Company|About,stg.procore.com,Custom Event,2019-07-26T16:25:17.746-07:00,3951813390,27754165577181442523013440291459009880,562536901.1564183227,stg.procore.com,/en-gb/about,testid-1234567890,Customer/Collaborator,test type,test name,test label,+1,1
https://stg.procore.com/en-gb/blueprint,procoredev,200,stg.procore.com|GB|Resource|Blueprint,Resource|Blueprint,stg.procore.com,Custom Event,2019-07-26T16:25:19.800-07:00,9109358171,27754165577181442523013440291459009880,562536901.1564183227,stg.procore.com,/en-gb/blueprint,testid-1234567890,Customer/Collaborator,test type,test name,test label,+1,1
https://stg.procore.com/en-gb/buildersclub,procoredev,200,stg.procore.com|GB|Resource|Builders Club,Resource|Builders Club,stg.procore.com,Custom Event,2019-07-26T16:25:22.828-07:00,6948712078,27754165577181442523013440291459009880,562536901.1564183227,stg.procore.com,/en-gb/buildersclub,testid-1234567890,Customer/Collaborator,test type,test name,test label,+1,1
https://stg.procore.com/en-gb/certification,procoredev,200,stg.procore.com|GB|Resource|Certification,Resource|Certification,stg.procore.com,Custom Event,2019-07-26T16:25:25.113-07:00,9752773354,27754165577181442523013440291459009880,562536901.1564183227,stg.procore.com,/en-gb/certification,testid-1234567890,Customer/Collaborator,test type,test name,test label,+1,1
https://stg.procore.com/en-gb/construction-financials,procoredev,200,stg.procore.com|GB|Product|Construction Financials|Overview,Product|Construction Financials|Overview,stg.procore.com,Custom Event,2019-07-26T16:25:27.429-07:00,1010199511,27754165577181442523013440291459009880,562536901.1564183227,stg.procore.com,/en-gb/construction-financials,testid-1234567890,Customer/Collaborator,test type,test name,test label,+1,1
https://stg.procore.com/en-gb/construction-financials/accounting-integrations,procoredev,200,stg.procore.com|GB|Product|Construction Financials|Accounting Integrations,Product|Construction Financials|Accounting Integrations,stg.procore.com,Custom Event,2019-07-26T16:25:30.309-07:00,6549934988,27754165577181442523013440291459009880,562536901.1564183227,stg.procore.com,/en-gb/construction-financials/accounting-integrations,testid-1234567890,Customer/Collaborator,test type,test name,test label,+1,1
https://stg.procore.com/en-gb/continuing-education,procoredev,200,stg.procore.com|GB|Resource|Continuing Education,Resource|Continuing Education,stg.procore.com,Custom Event,2019-07-26T16:25:32.110-07:00,5943071723,27754165577181442523013440291459009880,562536901.1564183227,stg.procore.com,/en-gb/continuing-education,testid-1234567890,Customer/Collaborator,test type,test name,test label,+1,1
https://stg.procore.com/en-gb/demo,procoredev,200,stg.procore.com|GB|Marketing|Demo,Marketing|Demo,stg.procore.com,Custom Event,2019-07-26T16:25:34.947-07:00,3987391700,27754165577181442523013440291459009880,562536901.1564183227,stg.procore.com,/en-gb/demo,testid-1234567890,Customer/Collaborator,test type,test name,test label,+1,1
https://stg.procore.com/en-gb/engineering,procoredev,200,stg.procore.com|GB|Company|Engineering,Company|Engineering,stg.procore.com,Custom Event,2019-07-26T16:25:37.776-07:00,2601010070,27754165577181442523013440291459009880,562536901.1564183227,stg.procore.com,/en-gb/engineering,testid-1234567890,Customer/Collaborator,test type,test name,test label,+1,1
https://stg.procore.com/en-gb/events,procoredev,200,stg.procore.com|GB|Event|Industry Events,Event|Industry Events,stg.procore.com,Custom Event,2019-07-26T16:25:40.425-07:00,4888553713,27754165577181442523013440291459009880,562536901.1564183227,stg.procore.com,/en-gb/events,testid-1234567890,Customer/Collaborator,test type,test name,test label,+1,1
https://stg.procore.com/en-gb/field-productivity,procoredev,200,stg.procore.com|GB|Product|Field Productivity|Overview,Product|Field Productivity|Overview,stg.procore.com,Custom Event,2019-07-26T16:25:42.68-07:00,8541242060,27754165577181442523013440291459009880,562536901.1564183227,stg.procore.com,/en-gb/field-productivity,testid-1234567890,Customer/Collaborator,test type,test name,test label,+1,1
https://stg.procore.com/en-gb/field-productivity/crews,procoredev,200,stg.procore.com|GB|Product|Field Productivity|Crews,Product|Field Productivity|Crews,stg.procore.com,Custom Event,2019-07-26T16:25:44.115-07:00,8089463247,27754165577181442523013440291459009880,562536901.1564183227,stg.procore.com,/en-gb/field-productivity/crews,testid-1234567890,Customer/Collaborator,test type,test name,test label,+1,1
https://stg.procore.com/en-gb/innovation-lab,procoredev,200,stg.procore.com|GB|Event|Innovation Lab,Event|Innovation Lab,stg.procore.com,Custom Event,2019-07-26T16:25:46.808-07:00,2859775382,27754165577181442523013440291459009880,562536901.1564183227,stg.procore.com,/en-gb/innovation-lab,testid-1234567890,Customer/Collaborator,test type,test name,test label,+1,1
https://stg.procore.com/en-gb/jobs,procoredev,200,stg.procore.com|GB|Company|Jobs,Company|Jobs,stg.procore.com,Custom Event,2019-07-26T16:25:50.610-07:00,4418658033,27754165577181442523013440291459009880,562536901.1564183227,stg.procore.com,/en-gb/jobs,testid-1234567890,Customer/Collaborator,test type,test name,test label,+1,1
https://stg.procore.com/en-gb/jobs/benefits,procoredev,200,stg.procore.com|GB|Company|Jobs|Benefits,Company|Jobs|Benefits,stg.procore.com,Custom Event,2019-07-26T16:25:53.219-07:00,6123998944,27754165577181442523013440291459009880,562536901.1564183227,stg.procore.com,/en-gb/jobs/benefits,testid-1234567890,Customer/Collaborator,test type,test name,test label,+1,1
https://stg.procore.com/en-gb/jobs/openings,procoredev,200,stg.procore.com|GB|Company|Jobs|Openings,Company|Jobs|Openings,stg.procore.com,Custom Event,2019-07-26T16:25:55.600-07:00,4128600699,27754165577181442523013440291459009880,562536901.1564183227,stg.procore.com,/en-gb/jobs/openings,testid-1234567890,Customer/Collaborator,test type,test name,test label,+1,1
https://stg.procore.com/en-gb/jobs/openings/1056317,procoredev,200,stg.procore.com|US|Company|Jobs|Openings|1056317,Company|Jobs|Openings|1056317,stg.procore.com,Custom Event,2019-07-26T16:25:58.154-07:00,2244714096,27754165577181442523013440291459009880,562536901.1564183227,stg.procore.com,/en-gb/jobs/openings/1056317,testid-1234567890,Customer/Collaborator,test type,test name,test label,+1,1
https://stg.procore.com/en-gb/jobs/sales,procoredev,200,stg.procore.com|GB|Company|Jobs|Sales,Company|Jobs|Sales,stg.procore.com,Custom Event,2019-07-26T16:26:00.923-07:00,1651768695,27754165577181442523013440291459009880,562536901.1564183227,stg.procore.com,/en-gb/jobs/sales,testid-1234567890,Customer/Collaborator,test type,test name,test label,+1,1
https://stg.procore.com/en-gb/legal,procoredev,200,stg.procore.com|GB|Company|Legal|Overview,Company|Legal|Overview,stg.procore.com,Custom Event,2019-07-26T16:26:03.85-07:00,7113190648,27754165577181442523013440291459009880,562536901.1564183227,stg.procore.com,/en-gb/legal,testid-1234567890,Customer/Collaborator,test type,test name,test label,+1,1
https://stg.procore.com/en-gb/legal/api-terms-and-conditions,procoredev,200,stg.procore.com|GB|Company|Legal|Api Terms And Conditions,Company|Legal|Api Terms And Conditions,stg.procore.com,Custom Event,2019-07-26T16:26:05.557-07:00,5870180930,27754165577181442523013440291459009880,562536901.1564183227,stg.procore.com,/en-gb/legal/api-terms-and-conditions,testid-1234567890,Customer/Collaborator,test type,test name,test label,+1,1
https://stg.procore.com/en-gb/platform,procoredev,200,stg.procore.com|GB|Product|Platform|Overview,Product|Platform|Overview,stg.procore.com,Custom Event,2019-07-26T16:26:11.227-07:00,1982596481,27754165577181442523013440291459009880,562536901.1564183227,stg.procore.com,/en-gb/platform,testid-1234567890,Customer/Collaborator,test type,test name,test label,+1,1
https://stg.procore.com/en-gb/press,procoredev,200,stg.procore.com|GB|Company|Press|Overview,Company|Press|Overview,stg.procore.com,Custom Event,2019-07-26T16:26:14.766-07:00,6047853598,27754165577181442523013440291459009880,562536901.1564183227,stg.procore.com,/en-gb/press,testid-1234567890,Customer/Collaborator,test type,test name,test label,+1,1
https://stg.procore.com/en-gb/press/habitat-for-humanity-and-procore-partner-for-a-brush-with-kindness,procoredev,200,stg.procore.com|GB|Company|Press|Habitat For Humanity And Procore Partner For A Brush With Kindness,Company|Press|Habitat For Humanity And Procore Partner For A Brush With Kindness,stg.procore.com,Custom Event,2019-07-26T16:26:17.410-07:00,7841436799,27754165577181442523013440291459009880,562536901.1564183227,stg.procore.com,/en-gb/press/habitat-for-humanity-and-procore-partner-for-a-brush-with-kindness,testid-1234567890,Customer/Collaborator,test type,test name,test label,+1,1
https://stg.procore.com/en-gb/press/procore-acquires-bimanywhere,procoredev,200,stg.procore.com|GB|Company|Press|Procore Acquires Bimanywhere,Company|Press|Procore Acquires Bimanywhere,stg.procore.com,Custom Event,2019-07-26T16:26:19.700-07:00,7974244488,27754165577181442523013440291459009880,562536901.1564183227,stg.procore.com,/en-gb/press/procore-acquires-bimanywhere,testid-1234567890,Customer/Collaborator,test type,test name,test label,+1,1
https://stg.procore.com/en-gb/project-management,procoredev,200,stg.procore.com|GB|Product|Project Management|Overview,Product|Project Management|Overview,stg.procore.com,Custom Event,2019-07-26T16:26:22.160-07:00,5708388101,27754165577181442523013440291459009880,562536901.1564183227,stg.procore.com,/en-gb/project-management,testid-1234567890,Customer/Collaborator,test type,test name,test label,+1,1
https://stg.procore.com/en-gb/project-management/bidding,procoredev,200,stg.procore.com|GB|Product|Project Management|Bidding,Product|Project Management|Bidding,stg.procore.com,Custom Event,2019-07-26T16:26:24.127-07:00,5891214921,27754165577181442523013440291459009880,562536901.1564183227,stg.procore.com,/en-gb/project-management/bidding,testid-1234567890,Customer/Collaborator,test type,test name,test label,+1,1
https://stg.procore.com/en-gb/projects,procoredev,200,stg.procore.com|GB|Resource|Projects,Resource|Projects,stg.procore.com,Custom Event,2019-07-26T16:26:27.247-07:00,1774323575,27754165577181442523013440291459009880,562536901.1564183227,stg.procore.com,/en-gb/projects,testid-1234567890,Customer/Collaborator,test type,test name,test label,+1,1
https://stg.procore.com/en-gb/quality-safety,procoredev,200,stg.procore.com|GB|Product|Quality Safety|Overview,Product|Quality Safety|Overview,stg.procore.com,Custom Event,2019-07-26T16:26:29.525-07:00,4200114623,27754165577181442523013440291459009880,562536901.1564183227,stg.procore.com,/en-gb/quality-safety,testid-1234567890,Customer/Collaborator,test type,test name,test label,+1,1
https://stg.procore.com/en-gb/quality-safety/daily-log,procoredev,200,stg.procore.com|GB|Product|Quality Safety|Daily Log,Product|Quality Safety|Daily Log,stg.procore.com,Custom Event,2019-07-26T16:26:31.821-07:00,8257996351,27754165577181442523013440291459009880,562536901.1564183227,stg.procore.com,/en-gb/quality-safety/daily-log,testid-1234567890,Customer/Collaborator,test type,test name,test label,+1,1
https://stg.procore.com/en-gb/roadshow,procoredev,200,stg.procore.com|GB|Event|Roadshow,Event|Roadshow,stg.procore.com,Custom Event,2019-07-26T16:26:34.344-07:00,1601603503,27754165577181442523013440291459009880,562536901.1564183227,stg.procore.com,/en-gb/roadshow,testid-1234567890,Customer/Collaborator,test type,test name,test label,+1,1
https://stg.procore.com/en-gb/safety-qualified,procoredev,200,stg.procore.com|GB|Resource|Safety Qualified,Resource|Safety Qualified,stg.procore.com,Custom Event,2019-07-26T16:26:36.744-07:00,6069775779,27754165577181442523013440291459009880,562536901.1564183227,stg.procore.com,/en-gb/safety-qualified,testid-1234567890,Customer/Collaborator,test type,test name,test label,+1,1
https://stg.procore.com/en-gb/subcontractors,procoredev,200,stg.procore.com|GB|Solution|Subcontractors,Solution|Subcontractors,stg.procore.com,Custom Event,2019-07-26T16:26:45.590-07:00,1076030898,27754165577181442523013440291459009880,562536901.1564183227,stg.procore.com,/en-gb/subcontractors,testid-1234567890,Customer/Collaborator,test type,test name,test label,+1,1
https://stg.procore.com/en-gb/subs-demo,procoredev,200,stg.procore.com|GB|Marketing|Subs Demo,Marketing|Subs Demo,stg.procore.com,Custom Event,2019-07-26T16:26:47.673-07:00,8313219343,27754165577181442523013440291459009880,562536901.1564183227,stg.procore.com,/en-gb/subs-demo,testid-1234567890,Customer/Collaborator,test type,test name,test label,+1,1
https://stg.procore.com/en-gb/webinars,procoredev,200,stg.procore.com|GB|Resource|Webinars|Overview,Resource|Webinars|Overview,stg.procore.com,Custom Event,2019-07-26T16:26:49.825-07:00,9100080090,27754165577181442523013440291459009880,562536901.1564183227,stg.procore.com,/en-gb/webinars,testid-1234567890,Customer/Collaborator,test type,test name,test label,+1,1
https://stg.procore.com/en-gb/workshops,procoredev,200,stg.procore.com|GB|Event|Workshops,Event|Workshops,stg.procore.com,Custom Event,2019-07-26T16:26:51.431-07:00,2449852549,27754165577181442523013440291459009880,562536901.1564183227,stg.procore.com,/en-gb/workshops,testid-1234567890,Customer/Collaborator,test type,test name,test label,+1,1
https://stg.procore.com/engineering,procoredev,200,stg.procore.com|US|Company|Engineering,Company|Engineering,stg.procore.com,Custom Event,2019-07-26T16:26:54.101-07:00,1374583783,27754165577181442523013440291459009880,562536901.1564183227,stg.procore.com,/engineering,testid-1234567890,Customer/Collaborator,test type,test name,test label,+1,1
https://stg.procore.com/events,procoredev,200,stg.procore.com|US|Event|Industry Events,Event|Industry Events,stg.procore.com,Custom Event,2019-07-26T16:26:55.911-07:00,8542635245,27754165577181442523013440291459009880,562536901.1564183227,stg.procore.com,/events,testid-1234567890,Customer/Collaborator,test type,test name,test label,+1,1
https://stg.procore.com/field-productivity,procoredev,200,stg.procore.com|US|Product|Field Productivity|Overview,Product|Field Productivity|Overview,stg.procore.com,Custom Event,2019-07-26T16:26:58.216-07:00,8342427809,27754165577181442523013440291459009880,562536901.1564183227,stg.procore.com,/field-productivity,testid-1234567890,Customer/Collaborator,test type,test name,test label,+1,1
https://stg.procore.com/field-productivity/crews,procoredev,200,stg.procore.com|US|Product|Field Productivity|Crews,Product|Field Productivity|Crews,stg.procore.com,Custom Event,2019-07-26T16:27:00.627-07:00,1307523163,27754165577181442523013440291459009880,562536901.1564183227,stg.procore.com,/field-productivity/crews,testid-1234567890,Customer/Collaborator,test type,test name,test label,+1,1
https://stg.procore.com/field-productivity/timesheets,procoredev,200,stg.procore.com|US|Product|Field Productivity|Timesheets,Product|Field Productivity|Timesheets,stg.procore.com,Custom Event,2019-07-26T16:27:02.217-07:00,8267336893,27754165577181442523013440291459009880,562536901.1564183227,stg.procore.com,/field-productivity/timesheets,testid-1234567890,Customer/Collaborator,test type,test name,test label,+1,1
https://stg.procore.com/innovation-lab,procoredev,200,stg.procore.com|US|Event|Innovation Lab,Event|Innovation Lab,stg.procore.com,Custom Event,2019-07-26T16:27:04.813-07:00,5401560220,27754165577181442523013440291459009880,562536901.1564183227,stg.procore.com,/innovation-lab,testid-1234567890,Customer/Collaborator,test type,test name,test label,+1,1
https://stg.procore.com/jobs,procoredev,200,stg.procore.com|US|Company|Jobs,Company|Jobs,stg.procore.com,Custom Event,2019-07-26T16:27:07.534-07:00,7829618802,27754165577181442523013440291459009880,562536901.1564183227,stg.procore.com,/jobs,testid-1234567890,Customer/Collaborator,test type,test name,test label,+1,1
https://stg.procore.com/jobs/benefits,procoredev,200,stg.procore.com|US|Company|Jobs|Benefits,Company|Jobs|Benefits,stg.procore.com,Custom Event,2019-07-26T16:27:09.755-07:00,5055115777,27754165577181442523013440291459009880,562536901.1564183227,stg.procore.com,/jobs/benefits,testid-1234567890,Customer/Collaborator,test type,test name,test label,+1,1
https://stg.procore.com/jobs/openings,procoredev,200,stg.procore.com|US|Company|Jobs|Openings,Company|Jobs|Openings,stg.procore.com,Custom Event,2019-07-26T16:27:18.530-07:00,9107887385,27754165577181442523013440291459009880,562536901.1564183227,stg.procore.com,/jobs/openings,testid-1234567890,Customer/Collaborator,test type,test name,test label,+1,1
https://stg.procore.com/jobs/openings/1056317,procoredev,200,stg.procore.com|US|Company|Jobs|Openings|1056317,Company|Jobs|Openings|1056317,stg.procore.com,Custom Event,2019-07-26T16:27:21.816-07:00,7222537918,27754165577181442523013440291459009880,562536901.1564183227,stg.procore.com,/jobs/openings/1056317,testid-1234567890,Customer/Collaborator,test type,test name,test label,+1,1
https://stg.procore.com/jobs/sales,procoredev,200,stg.procore.com|US|Company|Jobs|Sales,Company|Jobs|Sales,stg.procore.com,Custom Event,2019-07-26T16:27:23.843-07:00,4808897427,27754165577181442523013440291459009880,562536901.1564183227,stg.procore.com,/jobs/sales,testid-1234567890,Customer/Collaborator,test type,test name,test label,+1,1
https://stg.procore.com/legal,procoredev,200,stg.procore.com|US|Company|Legal|Overview,Company|Legal|Overview,stg.procore.com,Custom Event,2019-07-26T16:27:26.40-07:00,1028968564,27754165577181442523013440291459009880,562536901.1564183227,stg.procore.com,/legal,testid-1234567890,Customer/Collaborator,test type,test name,test label,+1,1
https://stg.procore.com/legal/api-terms-and-conditions,procoredev,200,stg.procore.com|US|Company|Legal|Api Terms And Conditions,Company|Legal|Api Terms And Conditions,stg.procore.com,Custom Event,2019-07-26T16:27:28.485-07:00,9248721808,27754165577181442523013440291459009880,562536901.1564183227,stg.procore.com,/legal/api-terms-and-conditions,testid-1234567890,Customer/Collaborator,test type,test name,test label,+1,1
https://stg.procore.com/partners,procoredev,200,stg.procore.com|US|Resource|Partners,Resource|Partners,stg.procore.com,Custom Event,2019-07-26T16:27:31.413-07:00,3242082631,27754165577181442523013440291459009880,562536901.1564183227,stg.procore.com,/partners,testid-1234567890,Customer/Collaborator,test type,test name,test label,+1,1
https://stg.procore.com/platform,procoredev,200,stg.procore.com|US|Product|Platform|Overview,Product|Platform|Overview,stg.procore.com,Custom Event,2019-07-26T16:27:33.656-07:00,9894176783,27754165577181442523013440291459009880,562536901.1564183227,stg.procore.com,/platform,testid-1234567890,Customer/Collaborator,test type,test name,test label,+1,1
https://stg.procore.com/press,procoredev,200,stg.procore.com|US|Company|Press|Overview,Company|Press|Overview,stg.procore.com,Custom Event,2019-07-26T16:27:35.773-07:00,4346482630,27754165577181442523013440291459009880,562536901.1564183227,stg.procore.com,/press,testid-1234567890,Customer/Collaborator,test type,test name,test label,+1,1
https://stg.procore.com/press/habitat-for-humanity-and-procore-partner-for-a-brush-with-kindness,procoredev,200,stg.procore.com|US|Company|Press|Habitat For Humanity And Procore Partner For A Brush With Kindness,Company|Press|Habitat For Humanity And Procore Partner For A Brush With Kindness,stg.procore.com,Custom Event,2019-07-26T16:27:38.147-07:00,7546352937,27754165577181442523013440291459009880,562536901.1564183227,stg.procore.com,/press/habitat-for-humanity-and-procore-partner-for-a-brush-with-kindness,testid-1234567890,Customer/Collaborator,test type,test name,test label,+1,1
https://stg.procore.com/press/procore-acquires-bimanywhere,procoredev,200,stg.procore.com|US|Company|Press|Procore Acquires Bimanywhere,Company|Press|Procore Acquires Bimanywhere,stg.procore.com,Custom Event,2019-07-26T16:27:45.505-07:00,1367170674,27754165577181442523013440291459009880,562536901.1564183227,stg.procore.com,/press/procore-acquires-bimanywhere,testid-1234567890,Customer/Collaborator,test type,test name,test label,+1,1
https://stg.procore.com/project-management,procoredev,200,stg.procore.com|US|Product|Project Management|Overview,Product|Project Management|Overview,stg.procore.com,Custom Event,2019-07-26T16:27:47.760-07:00,2014005400,27754165577181442523013440291459009880,562536901.1564183227,stg.procore.com,/project-management,testid-1234567890,Customer/Collaborator,test type,test name,test label,+1,1
https://stg.procore.com/project-management/bidding,procoredev,200,stg.procore.com|US|Product|Project Management|Bidding,Product|Project Management|Bidding,stg.procore.com,Custom Event,2019-07-26T16:27:49.592-07:00,5351435080,27754165577181442523013440291459009880,562536901.1564183227,stg.procore.com,/project-management/bidding,testid-1234567890,Customer/Collaborator,test type,test name,test label,+1,1
https://stg.procore.com/projects,procoredev,200,stg.procore.com|US|Resource|Projects,Resource|Projects,stg.procore.com,Custom Event,2019-07-26T16:27:51.239-07:00,1098358488,27754165577181442523013440291459009880,562536901.1564183227,stg.procore.com,/projects,testid-1234567890,Customer/Collaborator,test type,test name,test label,+1,1
https://stg.procore.com/quality-safety,procoredev,200,stg.procore.com|US|Product|Quality Safety|Overview,Product|Quality Safety|Overview,stg.procore.com,Custom Event,2019-07-26T16:27:59.23-07:00,9385625971,27754165577181442523013440291459009880,562536901.1564183227,stg.procore.com,/quality-safety,testid-1234567890,Customer/Collaborator,test type,test name,test label,+1,1
https://stg.procore.com/quality-safety/daily-log,procoredev,200,stg.procore.com|US|Product|Quality Safety|Daily Log,Product|Quality Safety|Daily Log,stg.procore.com,Custom Event,2019-07-26T16:28:01.231-07:00,8254604692,27754165577181442523013440291459009880,562536901.1564183227,stg.procore.com,/quality-safety/daily-log,testid-1234567890,Customer/Collaborator,test type,test name,test label,+1,1
https://stg.procore.com/roadshow,procoredev,200,stg.procore.com|US|Event|Roadshow,Event|Roadshow,stg.procore.com,Custom Event,2019-07-26T16:28:03.510-07:00,7244117909,27754165577181442523013440291459009880,562536901.1564183227,stg.procore.com,/roadshow,testid-1234567890,Customer/Collaborator,test type,test name,test label,+1,1
https://stg.procore.com/roi,procoredev,200,stg.procore.com|US|Resource|ROI,Resource|ROI,stg.procore.com,Custom Event,2019-07-26T16:28:05.491-07:00,4013560256,27754165577181442523013440291459009880,562536901.1564183227,stg.procore.com,/roi,testid-1234567890,Customer/Collaborator,test type,test name,test label,+1,1
https://stg.procore.com/safety-qualified,procoredev,200,stg.procore.com|US|Resource|Safety Qualified,Resource|Safety Qualified,stg.procore.com,Custom Event,2019-07-26T16:28:07.981-07:00,7215967695,27754165577181442523013440291459009880,562536901.1564183227,stg.procore.com,/safety-qualified,testid-1234567890,Customer/Collaborator,test type,test name,test label,+1,1
https://stg.procore.com/subcontractors,procoredev,200,stg.procore.com|US|Solution|Subcontractors,Solution|Subcontractors,stg.procore.com,Custom Event,2019-07-26T16:28:11.70-07:00,3590159072,27754165577181442523013440291459009880,562536901.1564183227,stg.procore.com,/subcontractors,testid-1234567890,Customer/Collaborator,test type,test name,test label,+1,1
https://stg.procore.com/subs-demo,procoredev,200,stg.procore.com|US|Marketing|Subs Demo,Marketing|Subs Demo,stg.procore.com,Custom Event,2019-07-26T16:28:13.289-07:00,3265502230,27754165577181442523013440291459009880,562536901.1564183227,stg.procore.com,/subs-demo,testid-1234567890,Customer/Collaborator,test type,test name,test label,+1,1
https://stg.procore.com/tour,procoredev,200,stg.procore.com|US|Marketing|Tour,Marketing|Tour,stg.procore.com,Custom Event,2019-07-26T16:28:16.207-07:00,5858354793,27754165577181442523013440291459009880,562536901.1564183227,stg.procore.com,/tour,testid-1234567890,Customer/Collaborator,test type,test name,test label,+1,1
https://stg.procore.com/webinars,procoredev,200,stg.procore.com|US|Resource|Webinars|Overview,Resource|Webinars|Overview,stg.procore.com,Custom Event,2019-07-26T16:29:34.863-07:00,8230277931,27754165577181442523013440291459009880,562536901.1564183227,stg.procore.com,/webinars,testid-1234567890,Customer/Collaborator,test type,test name,test label,+1,1
https://stg.procore.com/workshops,procoredev,200,stg.procore.com|US|Event|Workshops,Event|Workshops,stg.procore.com,Custom Event,2019-07-26T16:29:37.470-07:00,7206578217,27754165577181442523013440291459009880,562536901.1564183227,stg.procore.com,/workshops,testid-1234567890,Customer/Collaborator,test type,test name,test label,+1,1
https://stg.procore.com/en-gb/fr-ca/legal/terms-of-service,procoredev,200,stg.procore.com|GB|Other|Terms Of Service,Other|Terms Of Service,stg.procore.com,Custom Event,2019-07-26T16:29:47.277-07:00,2169692952,27754165577181442523013440291459009880,562536901.1564183227,stg.procore.com,/en-gb/fr-ca/legal/terms-of-service,testid-1234567890,Customer/Collaborator,test type,test name,test label,+1,1
